karan,suthar,21,05-20-1990,karan@mail.com,8000890989,main gali,durgapura,jaipur,rajasthan,india,302033
,suthar,21,02-20-1990,karan1@mail.com,8000890989,main gali,durgapura,jaipur,rajasthan,india,302033
k,suthar,21,02-20-1990,karan2@mail.com,8000890989,main gali,durgapura,jaipur,rajasthan,india,302033
karan,suthar,10,02-20-1990,karan3@mail.com,8000890989,main gali,durgapura,jaipur,rajasthan,india,302033
karan,suthar,40,02-20-1990,karan4@mail.com,8000890989,main gali,durgapura,jaipur,rajasthan,india,302033
karan,suthar,21,13-27-1990,karan5@mail.com,8000890989,main gali,durgapura,jaipur,rajasthan,india,302033
karan,suthar,21,05-32-1990,karan6@mail.com,8000890989,main gali,durgapura,jaipur,rajasthan,india,302033
karan,suthar,21,02-20-199,karan7@mail.com,8000890989,main gali,durgapura,jaipur,rajasthan,india,302033
karan,suthar,21,02-20-1990,karanmail.com,8000890989,main gali,durgapura,jaipur,rajasthan,india,302033
karan,suthar,21,02-20-1990,,8000890989,main gali,durgapura,jaipur,rajasthan,india,302033
karan,suthar,21,02-20-1990,karan8@mail,8000890989,main gali,durgapura,jaipur,rajasthan,india,302033
karan,suthar,21,02-20-1990,karan9@mail.com,5000890989,main gali,durgapura,jaipur,rajasthan,india,302033
karan,suthar,21,02-20-1990,karan10@mail.com,300090989,main gali,durgapura,jaipur,rajasthan,india,302033
karan,suthar,21,02-20-1990,karan11@mail.com,,main gali,durgapura,jaipur,rajasthan,india,302033
karan,suthar,21,02-20-1990,karan12@mail.com,8000890989,,durgapura,jaipur,rajasthan,india,302033
karan,suthar,21,02-20-1990,karan13@mail.com,8000890989,b,durgapura,jaipur,rajasthan,india,302033
karan,suthar,21,02-20-1990,karan14@mail.com,8000890920,main gali,b,jaipur,rajasthan,india,302033
karan,suthar,21,02-20-1990,karan15@mail.com,8000890920,main gali,,jaipur,rajasthan,india,302033
karan,suthar,21,02-20-1990,karan16@mail.com,8000890989,main gali,durgapura,,rajasthan,india,302033
karan,suthar,21,02-20-1990,karan17@mail.com,8000890989,main gali,durgapura,si,rajasthan,india,302033
karan,suthar,21,02-20-1990,karan18@mail.com,8000890989,main gali,durgapura,jaipur,r,india,302033
karan,suthar,21,02-20-1990,karan19@mail.com,8000890989,main gali,durgapura,jaipur,,india,302033
karan,suthar,21,02-20-1990,karan20@mail.com,8000890989,main gali,durgapura,jaipur,rajasthan,,302033
karan,suthar,21,02-20-1990,karan21@mail.com,8000890989,main gali,durgapura,jaipur,rajasthan,i,302033
karan,suthar,21,02-20-1990,karan22@mail.com,8000890989,main gali,durgapura,jaipur,rajasthan,india,3070453
karan,suthar,21,02-20-1990,karan23@mail.com,8000890989,main gali,durgapura,jaipur,rajasthan,india,30704
karan,suthar,21,02-20-1990,karan24@mail.com,8000890989,main gali,durgapura,jaipur,rajasthan,india,
karan,duplicate,21,02-20-1990,karan@mail.com,8000890956,main gali,durgapura,jaipur,rajasthan,india,302033
karan,suthar,21,05-20-1990,karan100@mail.com,8000890989,main gali,durgapura,jaipur,rajasthan,india,302033
